{"cameraMode":{"drawMode":0,"name":"Shaded","section":"Shading Mode"},"sceneLighting":false,"audioPlay":false,"sceneViewState":{"m_AlwaysRefresh":false,"showFog":true,"showSkybox":false,"showFlares":true,"showImageEffects":true,"showParticleSystems":true,"showVisualEffectGraphs":true,"m_FxEnabled":true},"in2DMode":false,"pivot":{"x":-12.899999618530274,"y":-0.019999995827674867,"z":53.290000915527347},"rotation":{"x":-0.1949719339609146,"y":0.4466427266597748,"z":-0.10040602087974549,"w":-0.8674476742744446},"size":9.032318115234375,"orthographic":false}